dia,precio,accion,exposicion_pct
0,194.05,VENDER_50,0.0
1,183.28,VENDER_10,0.0
2,179.99,VENDER_25,0.0
3,180.01,VENDER_75,0.0
4,181.19,VENDER_25,0.0
5,184.76,VENDER_25,0.0
6,177.81,VENDER_25,0.0
7,174.72,VENDER_10,0.0
8,171.97,VENDER_25,0.0
9,168.47,COMPRAR_10,0.0
10,171.89,VENDER_75,10.18
11,177.55,MANTENER,2.63
12,173.99,VENDER_50,2.58
13,174.84,MANTENER,1.29
14,177.46,COMPRAR_10,1.31
15,174.95,VENDER_100,11.04
16,186.6,VENDER_75,0.0
17,180.11,MANTENER,0.0
18,173.74,VENDER_50,0.0
19,179.24,VENDER_100,0.0
20,176.75,VENDER_50,0.0
21,176.19,VENDER_100,0.0
22,178.79,MANTENER,0.0
23,178.08,VENDER_10,0.0
24,176.29,VENDER_10,0.0
25,174.77,VENDER_75,0.0
26,175.0,VENDER_10,0.0
27,177.94,COMPRAR_10,0.0
28,177.48,VENDER_10,9.98
29,173.79,VENDER_75,8.81
30,170.66,VENDER_100,2.16
31,177.29,VENDER_10,0.0
32,182.47,VENDER_50,0.0
33,178.01,VENDER_75,0.0
34,187.44,VENDER_10,0.0
35,184.86,VENDER_50,0.0
36,181.57,VENDER_100,0.0
37,183.01,VENDER_10,0.0
38,182.58,VENDER_75,0.0
39,187.35,COMPRAR_75,0.0
40,196.37,COMPRAR_50,75.87
41,197.42,COMPRAR_100,87.99
42,197.88,MANTENER,100.0
43,209.86,MANTENER,100.0
44,231.26,COMPRAR_10,100.0
45,246.39,COMPRAR_50,100.0
46,251.52,COMPRAR_75,100.0
47,252.94,COMPRAR_10,100.0
48,262.33,MANTENER,100.0
49,263.26,COMPRAR_100,100.0
50,241.03,COMPRAR_100,100.0
51,248.23,MANTENER,100.0
52,252.64,COMPRAR_25,100.0
53,256.56,COMPRAR_100,100.0
54,248.5,COMPRAR_50,100.0
55,249.23,COMPRAR_100,100.0
56,239.2,COMPRAR_75,100.0
57,251.51,COMPRAR_25,100.0
58,246.38,VENDER_10,100.0
59,215.99,MANTENER,88.75
60,220.25,COMPRAR_100,88.94
61,219.8,MANTENER,100.0
62,232.1,COMPRAR_50,100.0
63,222.62,COMPRAR_100,100.0
64,232.07,COMPRAR_25,100.0
65,216.86,COMPRAR_25,100.0
66,207.67,MANTENER,100.0
67,198.88,MANTENER,100.0
68,200.64,VENDER_75,100.0
69,191.76,COMPRAR_100,24.16
70,198.84,COMPRAR_10,100.0
71,200.0,COMPRAR_50,100.0
72,197.49,MANTENER,100.0
73,207.83,COMPRAR_10,100.0
74,201.38,COMPRAR_75,100.0
75,214.14,MANTENER,100.0
76,216.12,MANTENER,100.0
77,222.72,COMPRAR_25,100.0
78,221.1,MANTENER,100.0
79,223.27,COMPRAR_10,100.0
80,210.66,COMPRAR_100,100.0
81,220.32,VENDER_50,100.0
82,213.21,COMPRAR_75,49.18
83,209.21,COMPRAR_75,87.08
84,205.75,COMPRAR_75,96.72
85,206.28,COMPRAR_75,99.18
86,214.11,COMPRAR_10,99.8
87,210.6,COMPRAR_50,99.82
88,219.41,MANTENER,99.91
89,230.17,COMPRAR_100,99.92
90,210.73,COMPRAR_100,100.0
91,216.27,COMPRAR_25,100.0
92,226.17,COMPRAR_100,100.0
93,228.13,COMPRAR_100,100.0
94,229.81,COMPRAR_100,100.0
95,230.29,MANTENER,100.0
96,226.78,COMPRAR_25,100.0
97,227.87,VENDER_25,100.0
98,227.2,VENDER_10,74.94
99,243.92,COMPRAR_10,68.99
100,238.25,COMPRAR_50,71.61
101,250.0,VENDER_10,86.38
102,254.27,VENDER_50,78.04
103,257.02,COMPRAR_50,39.27
104,254.22,COMPRAR_25,69.41
105,260.46,VENDER_100,77.48
106,261.63,VENDER_10,0.0
107,258.02,MANTENER,0.0
108,249.02,COMPRAR_10,0.0
109,240.66,VENDER_25,9.7
110,250.08,COMPRAR_50,7.54
111,240.83,VENDER_100,52.83
112,244.5,VENDER_100,0.0
113,241.05,MANTENER,0.0
114,238.77,VENDER_25,0.0
115,217.8,COMPRAR_10,0.0
116,219.16,VENDER_10,10.06
117,219.57,VENDER_75,9.07
118,221.33,VENDER_100,2.28
119,220.89,VENDER_25,0.0
120,220.7,COMPRAR_75,0.0
121,218.85,MANTENER,74.84
122,217.97,VENDER_10,74.77
123,213.65,VENDER_25,66.85
124,260.48,VENDER_50,55.07
125,269.19,COMPRAR_75,28.2
126,262.51,COMPRAR_75,81.68
127,259.52,COMPRAR_75,95.37
128,257.55,COMPRAR_50,98.83
129,249.85,VENDER_10,99.4
130,248.98,COMPRAR_75,89.43
131,242.84,COMPRAR_75,97.29
132,251.44,COMPRAR_10,99.35
133,288.53,COMPRAR_100,99.49
134,296.91,COMPRAR_100,100.0
135,321.22,COMPRAR_25,100.0
136,350.0,COMPRAR_10,100.0
137,328.49,COMPRAR_100,100.0
138,330.24,COMPRAR_25,100.0
139,311.18,COMPRAR_25,100.0
140,320.72,MANTENER,100.0
141,338.74,COMPRAR_25,100.0
142,346.0,COMPRAR_25,100.0
143,342.03,COMPRAR_75,100.0
144,339.64,COMPRAR_25,100.0
145,352.56,COMPRAR_25,100.0
146,338.59,COMPRAR_10,100.0
147,338.23,COMPRAR_25,100.0
148,332.89,COMPRAR_50,100.0
149,345.16,COMPRAR_10,100.0
150,357.09,MANTENER,100.0
151,351.42,COMPRAR_50,100.0
152,357.93,MANTENER,100.0
153,369.49,COMPRAR_75,100.0
154,389.22,COMPRAR_25,100.0
155,389.79,MANTENER,100.0
156,400.99,MANTENER,100.0
157,424.77,COMPRAR_10,100.0
158,418.1,COMPRAR_25,100.0
159,436.23,MANTENER,100.0
160,463.02,MANTENER,100.0
161,479.86,COMPRAR_100,100.0
162,440.13,MANTENER,100.0
163,436.17,COMPRAR_50,100.0
164,421.06,COMPRAR_75,100.0
165,430.6,MANTENER,100.0
166,462.28,COMPRAR_75,100.0
167,454.13,COMPRAR_75,100.0
168,431.66,COMPRAR_50,100.0
169,417.41,COMPRAR_10,100.0
170,403.84,VENDER_10,100.0
171,379.28,COMPRAR_50,89.42
172,410.44,COMPRAR_10,95.09
173,411.05,COMPRAR_100,95.59
174,394.36,COMPRAR_25,100.0
175,394.94,COMPRAR_25,100.0
176,394.74,COMPRAR_50,100.0
177,403.31,COMPRAR_25,100.0
178,396.36,COMPRAR_50,100.0
179,428.22,COMPRAR_75,100.0
180,413.82,COMPRAR_75,100.0
181,426.5,COMPRAR_10,100.0
182,424.07,COMPRAR_100,100.0
183,415.11,COMPRAR_25,100.0
184,412.38,COMPRAR_10,100.0
185,406.58,COMPRAR_10,100.0
186,397.15,MANTENER,100.0
187,398.09,VENDER_10,100.0
188,389.1,COMPRAR_50,89.79
189,400.28,MANTENER,95.03
190,404.6,COMPRAR_100,95.08
191,383.68,COMPRAR_50,100.0
192,392.21,COMPRAR_10,100.0
193,378.17,VENDER_100,100.0
194,374.32,VENDER_75,0.0
195,361.62,COMPRAR_75,0.0
196,350.73,VENDER_25,74.42
197,328.5,COMPRAR_75,54.2
198,336.51,VENDER_50,88.79
199,355.94,VENDER_10,45.79
200,355.84,VENDER_10,41.2
201,354.11,VENDER_75,36.97
202,360.56,VENDER_10,9.39
203,354.4,MANTENER,8.32
204,337.8,VENDER_25,7.96
205,330.53,COMPRAR_10,5.85
206,302.8,MANTENER,14.17
207,290.8,COMPRAR_10,13.68
208,281.95,VENDER_10,21.78
209,292.98,VENDER_10,20.22
210,284.65,VENDER_100,17.77
211,272.04,VENDER_25,0.0
212,279.1,COMPRAR_10,0.0
213,263.45,VENDER_10,9.49
214,262.67,VENDER_50,8.52
215,222.15,COMPRAR_10,3.63
216,230.58,VENDER_50,13.7
217,248.09,MANTENER,7.33
218,240.68,VENDER_10,7.13
219,249.98,VENDER_100,6.65
220,238.01,VENDER_50,0.0
221,225.31,VENDER_25,0.0
222,235.86,VENDER_75,0.0
223,236.26,VENDER_50,0.0
224,248.71,COMPRAR_10,0.0
225,278.39,VENDER_10,11.06
226,288.14,COMPRAR_10,10.27
227,272.06,VENDER_100,18.36
228,273.13,VENDER_10,0.0
229,263.55,VENDER_75,0.0
230,259.16,COMPRAR_10,0.0
231,268.46,VENDER_75,10.32
232,282.76,VENDER_10,2.71
233,267.28,VENDER_50,2.31
234,239.43,COMPRAR_10,1.04
235,233.29,VENDER_75,10.68
236,221.86,VENDER_50,2.54
237,272.2,VENDER_25,1.56
238,252.4,VENDER_50,1.08
239,252.31,VENDER_100,0.54
240,252.35,VENDER_50,0.0
241,254.11,VENDER_10,0.0
242,241.55,MANTENER,0.0
243,241.37,VENDER_25,0.0
244,227.5,VENDER_100,0.0
245,237.97,VENDER_75,0.0
246,250.74,VENDER_25,0.0
247,259.51,VENDER_10,0.0
248,284.95,MANTENER,0.0
249,285.88,COMPRAR_25,0.0
250,292.03,VENDER_10,25.4
251,282.16,VENDER_75,22.26
252,280.52,VENDER_10,5.53
253,287.21,VENDER_10,5.09
254,280.26,VENDER_50,4.48
255,275.35,COMPRAR_25,2.2
256,276.22,VENDER_100,26.71
257,284.82,COMPRAR_10,0.0
258,298.26,MANTENER,10.42
259,318.38,COMPRAR_25,11.05
260,334.07,VENDER_10,34.36
261,347.68,VENDER_75,31.79
262,342.82,COMPRAR_10,7.84
263,349.98,COMPRAR_75,17.35
264,342.09,COMPRAR_10,78.96
265,343.82,COMPRAR_25,81.14
266,334.62,COMPRAR_75,85.52
267,341.04,MANTENER,96.45
268,339.34,COMPRAR_50,96.43
269,362.89,VENDER_50,98.33
270,356.9,COMPRAR_75,48.75
271,358.43,COMPRAR_50,87.23
272,346.46,COMPRAR_75,93.41
273,342.69,VENDER_25,98.34
274,344.27,MANTENER,73.84
275,332.05,VENDER_25,73.14
276,284.7,COMPRAR_100,51.02
277,295.14,COMPRAR_50,100.0
278,308.58,COMPRAR_50,100.0
279,326.09,COMPRAR_10,100.0
280,326.43,COMPRAR_25,100.0
281,319.11,COMPRAR_25,100.0
282,325.31,COMPRAR_50,100.0
283,329.13,COMPRAR_25,100.0
284,316.35,MANTENER,100.0
285,322.05,COMPRAR_10,100.0
286,322.16,VENDER_10,100.0
287,348.68,COMPRAR_25,90.69
288,340.47,VENDER_50,92.86
289,327.55,COMPRAR_25,45.47
290,325.78,COMPRAR_50,58.97
291,323.63,COMPRAR_100,79.38
292,317.66,VENDER_10,100.0
293,300.71,COMPRAR_25,89.5
294,315.65,COMPRAR_25,92.47
295,315.35,COMPRAR_100,94.34
296,293.94,COMPRAR_100,100.0
297,297.81,VENDER_10,100.0
298,295.88,MANTENER,89.94
299,309.87,COMPRAR_50,90.35
300,313.51,COMPRAR_50,95.23
301,316.9,COMPRAR_50,97.64
302,310.78,COMPRAR_75,98.8
303,321.67,COMPRAR_75,99.71
304,319.41,COMPRAR_10,99.93
305,329.65,VENDER_25,99.94
306,328.49,VENDER_25,74.89
307,332.11,COMPRAR_75,56.43
308,332.56,COMPRAR_100,89.12
309,305.3,COMPRAR_100,100.0
310,316.06,COMPRAR_25,100.0
311,325.59,MANTENER,100.0
312,321.2,COMPRAR_75,100.0
313,319.04,VENDER_100,100.0
314,308.27,VENDER_25,0.0
315,302.63,COMPRAR_25,0.0
316,309.26,VENDER_100,25.41
317,308.72,VENDER_50,0.0
318,319.91,VENDER_25,0.0
319,322.27,VENDER_50,0.0
320,329.65,COMPRAR_25,0.0
321,339.03,VENDER_10,25.53
322,340.84,COMPRAR_10,23.07
323,339.38,VENDER_25,30.67
324,335.58,COMPRAR_10,22.81
325,330.56,VENDER_50,30.21
326,335.16,VENDER_25,15.28
327,329.31,VENDER_75,11.28
328,323.9,VENDER_100,2.78
329,320.11,VENDER_75,0.0
330,340.01,VENDER_50,0.0
331,346.6,VENDER_10,0.0
332,351.67,COMPRAR_75,0.0
333,349.6,COMPRAR_10,74.89
334,345.98,COMPRAR_75,77.22
335,333.87,COMPRAR_100,94.11
336,329.36,VENDER_25,100.0
337,334.09,COMPRAR_25,75.27
338,338.53,COMPRAR_50,81.65
339,350.84,COMPRAR_100,91.12
340,346.4,COMPRAR_100,100.0
341,346.97,MANTENER,100.0
342,347.79,COMPRAR_10,100.0
343,368.81,COMPRAR_50,100.0
344,395.94,COMPRAR_25,100.0
345,410.04,COMPRAR_50,100.0
346,421.62,COMPRAR_25,100.0
347,425.86,COMPRAR_25,100.0
348,416.85,COMPRAR_10,100.0
349,426.07,COMPRAR_75,100.0
350,434.21,VENDER_10,100.0
351,425.85,COMPRAR_100,89.82
352,442.79,COMPRAR_50,100.0
353,423.39,COMPRAR_75,100.0
354,440.4,VENDER_10,100.0
355,443.21,MANTENER,90.06
356,444.72,MANTENER,90.09
357,459.46,COMPRAR_75,90.37
358,436.0,COMPRAR_10,97.47
359,429.83,VENDER_10,97.69
360,453.25,COMPRAR_25,88.47
361,433.09,COMPRAR_100,90.99
362,438.69,COMPRAR_10,100.0
363,435.54,COMPRAR_25,100.0
364,413.49,COMPRAR_10,100.0
365,435.9,COMPRAR_75,100.0
366,429.24,COMPRAR_25,100.0
367,435.15,COMPRAR_75,100.0
368,428.75,COMPRAR_10,100.0
369,439.31,MANTENER,100.0
370,447.43,COMPRAR_25,100.0
371,442.6,COMPRAR_100,100.0
372,438.97,MANTENER,100.0
373,448.98,COMPRAR_100,100.0
374,433.72,COMPRAR_75,100.0
375,452.42,VENDER_10,100.0
376,460.55,COMPRAR_75,90.16
377,461.51,COMPRAR_100,97.54
378,440.1,COMPRAR_10,100.0
379,456.56,MANTENER,100.0
380,468.37,MANTENER,100.0
381,444.26,COMPRAR_75,100.0
382,462.07,COMPRAR_25,100.0
383,445.91,COMPRAR_10,100.0
384,429.52,MANTENER,100.0
385,445.23,COMPRAR_10,100.0
386,439.62,COMPRAR_10,100.0
387,430.6,VENDER_25,100.0
388,401.99,VENDER_10,73.69
389,404.35,MANTENER,66.45
390,408.92,VENDER_10,66.7
391,401.25,MANTENER,59.58
392,403.99,COMPRAR_100,59.74
393,395.23,COMPRAR_75,100.0
394,391.09,COMPRAR_25,100.0
395,417.78,COMPRAR_100,100.0
396,419.4,MANTENER,100.0
397,426.58,MANTENER,100.0
398,430.17,VENDER_10,100.0
399,430.14,COMPRAR_50,90.0
400,429.24,COMPRAR_50,94.99
401,446.74,COMPRAR_50,97.59
402,454.53,VENDER_100,98.82
403,455.0,MANTENER,0.0
404,439.58,COMPRAR_25,0.0
405,445.17,COMPRAR_10,25.24
406,451.45,COMPRAR_100,33.02
407,446.89,COMPRAR_10,100.0
408,458.96,MANTENER,100.0
409,475.31,COMPRAR_10,100.0
410,489.88,COMPRAR_100,100.0
411,467.26,COMPRAR_75,100.0
412,483.37,VENDER_25,100.0
413,481.2,VENDER_10,74.92
414,488.73,VENDER_25,67.76
415,485.56,VENDER_25,50.66
416,485.4,VENDER_10,37.99
417,475.19,VENDER_100,33.71
418,459.64,VENDER_25,0.0
419,454.43,MANTENER,0.0
420,449.72,VENDER_50,0.0
421,438.07,COMPRAR_25,0.0
422,451.67,VENDER_50,25.58
423,432.96,COMPRAR_50,12.32
424,431.41,VENDER_100,56.07
425,435.8,VENDER_100,0.0
426,445.01,VENDER_100,0.0
427,448.96,MANTENER,0.0
428,447.2,VENDER_50,0.0
429,439.2,VENDER_25,0.0
430,438.57,COMPRAR_25,0.0
431,437.5,VENDER_50,24.95
432,419.25,VENDER_75,12.02
433,431.44,VENDER_50,3.09
434,449.36,VENDER_75,1.61
435,449.06,COMPRAR_10,0.4
436,435.2,MANTENER,10.07
437,430.9,MANTENER,9.98
438,431.46,COMPRAR_10,10.0
439,416.56,COMPRAR_10,18.46
440,430.41,VENDER_75,27.26
441,421.81,VENDER_75,6.69
442,421.96,VENDER_50,1.67
443,406.01,VENDER_25,0.8
444,397.21,VENDER_100,0.59
445,411.11,COMPRAR_75,0.0
446,417.32,COMPRAR_25,75.28
447,425.21,COMPRAR_50,81.74
448,428.27,MANTENER,90.93
449,417.07,COMPRAR_10,90.71
450,417.44,VENDER_25,91.64
451,410.63,VENDER_100,68.38
452,411.32,VENDER_25,0.0
453,411.71,VENDER_75,0.0
454,411.82,VENDER_75,0.0
455,399.83,VENDER_75,0.0
456,409.38,VENDER_10,0.0
457,417.4,COMPRAR_10,0.0
458,408.58,VENDER_25,9.81
459,402.51,VENDER_50,7.26
460,403.32,VENDER_50,3.63
461,392.43,VENDER_10,1.77
462,405.94,VENDER_75,1.65
463,405.55,VENDER_10,0.41
464,396.73,COMPRAR_10,0.36
465,398.68,VENDER_100,10.37
466,399.24,VENDER_10,0.0
467,407.82,VENDER_25,0.0
468,395.01,MANTENER,0.0
469,391.2,VENDER_10,0.0
470,395.56,VENDER_75,0.0
471,399.27,MANTENER,0.0
472,392.78,VENDER_50,0.0
473,380.3,MANTENER,0.0
474,367.96,VENDER_75,0.0
475,380.85,VENDER_50,0.0
476,383.03,VENDER_25,0.0
477,385.95,VENDER_100,0.0
478,372.11,MANTENER,0.0
479,361.83,VENDER_50,0.0
480,355.28,MANTENER,0.0
481,371.75,VENDER_25,0.0
482,381.26,VENDER_100,0.0
483,360.59,VENDER_75,0.0
484,352.82,COMPRAR_25,0.0
485,346.65,VENDER_75,24.67
486,343.25,VENDER_50,6.11
487,345.62,VENDER_25,3.08
488,348.95,COMPRAR_25,2.33
489,352.42,VENDER_75,26.94
490,364.2,VENDER_25,6.94
491,391.95,VENDER_100,5.58
492,388.9,MANTENER,0.0
493,400.62,VENDER_25,0.0
494,392.5,VENDER_25,0.0
495,386.42,VENDER_100,0.0
496,387.51,VENDER_50,0.0
497,373.72,VENDER_50,0.0
498,376.3,VENDER_75,0.0
499,378.67,VENDER_10,0.0
