dia,retorno_mcts_pct,retorno_bah_pct
1,0.0,-5.550118
2,0.0,-1.795064
3,0.0,0.011106
4,0.0,0.655524
5,0.0,1.970303
6,0.0,-3.761635
7,0.0,-1.737808
8,0.0,-1.573947
9,0.0,-2.035239
10,0.203003,2.030034
11,0.083821,3.292806
12,-0.052677,-2.005068
13,0.006292,0.488529
14,0.019393,1.498519
15,-0.158159,-1.414409
16,0.0,6.659051
17,0.0,-3.478031
18,0.0,-3.536725
19,0.0,3.16565
20,0.0,-1.389202
21,0.0,-0.31683
22,0.0,1.475674
23,0.0,-0.397109
24,0.0,-1.005171
25,0.0,-0.862209
26,0.0,0.131599
27,0.0,1.680001
28,-0.025852,-0.258518
29,-0.186684,-2.079109
30,-0.039662,-1.801018
31,0.0,3.884911
32,0.0,2.921771
33,0.0,-2.444241
34,0.0,5.29746
35,0.0,-1.376441
36,0.0,-1.779722
37,0.0,0.793075
38,0.0,-0.234956
39,0.0,2.612556
40,3.610884,4.814512
41,0.470197,0.534706
42,0.233009,0.233009
43,6.054172,6.054172
44,10.197271,10.197271
45,6.542422,6.542422
46,2.082067,2.082067
47,0.564567,0.564567
48,3.712337,3.712337
49,0.354524,0.354524
50,-8.444128,-8.444128
51,2.987179,2.987179
52,1.77658,1.77658
53,1.551614,1.551614
54,-3.141564,-3.141564
55,0.293761,0.293761
56,-4.024395,-4.024395
57,5.14632,5.14632
58,-2.039676,-2.039676
59,-11.101144,-12.334605
60,1.750451,1.972311
61,-0.204312,-0.204312
62,5.595998,5.595998
63,-4.084451,-4.084451
64,4.244907,4.244907
65,-6.55406,-6.55406
66,-4.237758,-4.237758
67,-4.232674,-4.232674
68,0.884953,0.884953
69,-1.10646,-4.42584
70,3.692116,3.692116
71,0.583385,0.583385
72,-1.254997,-1.254997
73,5.235706,5.235706
74,-3.103497,-3.103497
75,6.336277,6.336277
76,0.924627,0.924627
77,3.053862,3.053862
78,-0.727368,-0.727368
79,0.981455,0.981455
80,-5.64787,-5.64787
81,4.58559,4.58559
82,-1.613562,-3.227124
83,-1.637728,-1.876085
84,-1.600439,-1.653844
85,0.25548,0.257594
86,3.788047,3.795812
87,-1.636433,-1.639342
88,4.179512,4.183285
89,4.899813,4.904058
90,-8.445932,-8.445932
91,2.628961,2.628961
92,4.577608,4.577608
93,0.866608,0.866608
94,0.736419,0.736419
95,0.208866,0.208866
96,-1.524163,-1.524163
97,0.48064,0.48064
98,-0.22052,-0.294026
99,4.963771,7.359156
100,-1.675769,-2.324532
101,4.231848,4.931794
102,1.327891,1.708002
103,0.421993,1.081521
104,-0.758633,-1.089405
105,1.891338,2.454563
106,0.0,0.44921
107,0.0,-1.379817
108,0.0,-3.488096
109,-0.335716,-3.35716
110,0.284668,3.914235
111,-1.988777,-3.698816
112,0.0,1.523896
113,0.0,-1.411042
114,0.0,-0.945861
115,0.0,-8.782511
116,0.062443,0.624426
117,0.016932,0.18708
118,0.018167,0.801564
119,0.0,-0.198799
120,0.0,-0.086017
121,-0.628678,-0.838238
122,-0.300942,-0.402104
123,-1.333625,-1.981927
124,10.989191,21.919035
125,0.920764,3.343823
126,-2.036068,-2.481516
127,-1.086835,-1.139012
128,-0.750305,-0.759094
129,-2.972265,-2.989704
130,-0.311508,-0.348213
131,-2.400871,-2.466061
132,3.517449,3.541429
133,14.664192,14.751032
134,2.904379,2.904379
135,8.187665,8.187665
136,8.959591,8.959591
137,-6.145717,-6.145717
138,0.532741,0.532741
139,-5.77156,-5.77156
140,3.065753,3.065753
141,5.618605,5.618605
142,2.14324,2.14324
143,-1.147399,-1.147399
144,-0.698764,-0.698764
145,3.804023,3.804023
146,-3.962446,-3.962446
147,-0.106319,-0.106319
148,-1.578806,-1.578806
149,3.685899,3.685899
150,3.456366,3.456366
151,-1.58783,-1.58783
152,1.852478,1.852478
153,3.229681,3.229681
154,5.339796,5.339796
155,0.146449,0.146449
156,2.873337,2.873337
157,5.930322,5.930322
158,-1.570258,-1.570258
159,4.336284,4.336284
160,6.141251,6.141251
161,3.636991,3.636991
162,-8.279494,-8.279494
163,-0.899732,-0.899732
164,-3.464249,-3.464249
165,2.265712,2.265712
166,7.357174,7.357174
167,-1.762999,-1.762999
168,-4.947923,-4.947923
169,-3.301209,-3.301209
170,-3.251002,-3.251002
171,-5.473454,-6.081616
172,7.781003,8.215567
173,0.142053,0.148617
174,-4.060334,-4.060334
175,0.147078,0.147078
176,-0.050644,-0.050644
177,2.171051,2.171051
178,-1.723243,-1.723243
179,8.038151,8.038151
180,-3.362756,-3.362756
181,3.064132,3.064132
182,-0.569752,-0.569752
183,-2.112864,-2.112864
184,-0.657652,-0.657652
185,-1.406474,-1.406474
186,-2.319345,-2.319345
187,0.236687,0.236687
188,-2.032453,-2.258281
189,2.72665,2.873295
190,1.025627,1.079246
191,-5.170542,-5.170542
192,2.223207,2.223207
193,-3.579709,-3.579709
194,0.0,-1.018062
195,0.0,-3.392822
196,-2.258583,-3.011444
197,-3.537783,-6.338212
198,2.159144,2.438359
199,2.563386,5.773972
200,-0.011578,-0.028096
201,-0.180274,-0.486177
202,0.168333,1.821471
203,-0.144445,-1.708455
204,-0.389813,-4.683975
205,-0.12854,-2.152158
206,-1.280787,-8.38956
207,-0.561444,-3.963012
208,-0.679094,-3.04332
209,0.766946,3.912041
210,-0.517321,-2.843203
211,0.0,-4.429997
212,0.0,2.595206
213,-0.560731,-5.607307
214,-0.025294,-0.296071
215,-0.657165,-15.426207
216,0.503336,3.794737
217,0.520122,7.593891
218,-0.21897,-2.986821
219,0.247881,3.864053
220,0.0,-4.788384
221,0.0,-5.335909
222,0.0,4.682439
223,0.0,0.16959
224,0.0,5.269624
225,1.193358,11.93358
226,0.34866,3.502281
227,-1.073783,-5.580626
228,0.0,0.393298
229,0.0,-3.507493
230,0.0,-1.665712
231,0.358851,3.588512
232,0.137453,5.326685
233,-0.133731,-5.474611
234,-0.120459,-10.419787
235,-0.280373,-2.564424
236,-0.13085,-4.899478
237,0.288522,22.68999
238,-0.084867,-7.27407
239,-0.000193,-0.035656
240,0.0,0.015857
241,0.0,0.697442
242,0.0,-4.94274
243,0.0,-0.074522
244,0.0,-5.746363
245,0.0,4.602198
246,0.0,5.366224
247,0.0,3.497649
248,0.0,9.803091
249,0.0,0.32637
250,0.537813,2.15125
251,-0.772656,-3.379788
252,-0.032346,-0.581236
253,0.118792,2.384858
254,-0.110936,-2.419826
255,-0.03923,-1.751946
256,0.084205,0.31596
257,0.0,3.113462
258,0.471877,4.71877
259,0.703093,6.74579
260,1.640363,4.928074
261,1.259943,4.073992
262,-0.111079,-1.397833
263,0.356302,2.088561
264,-1.788623,-2.254419
265,0.409966,0.505718
266,-2.297394,-2.675822
267,1.849169,1.918598
268,-0.480768,-0.498479
269,6.816062,6.939948
270,-0.811529,-1.650644
271,0.373763,0.428691
272,-3.126414,-3.339565
273,-1.070222,-1.088146
274,0.340033,0.461054
275,-2.620989,-3.54954
276,-7.821851,-14.259894
277,3.667019,3.667019
278,4.553761,4.553761
279,5.674383,5.674383
280,0.104265,0.104265
281,-2.242443,-2.242443
282,1.942908,1.942908
283,1.174267,1.174267
284,-3.882964,-3.882964
285,1.801796,1.801796
286,0.034161,0.034161
287,7.408738,8.231931
288,-2.190179,-2.354592
289,-1.761925,-3.794758
290,-0.319372,-0.540372
291,-0.524568,-0.659953
292,-1.8447,-1.8447
293,-4.802308,-5.335898
294,4.576828,4.968243
295,-0.089668,-0.095038
296,-6.789283,-6.789283
297,1.316594,1.316594
298,-0.583256,-0.648062
299,4.252664,4.728265
300,1.118022,1.174691
301,1.055507,1.0813
302,-1.908414,-1.931207
303,3.493551,3.504091
304,-0.702076,-0.702586
305,3.203796,3.205908
306,-0.263749,-0.351889
307,0.618938,1.102011
308,0.120743,0.135501
309,-8.19702,-8.19702
310,3.524406,3.524406
311,3.01525,3.01525
312,-1.348317,-1.348317
313,-0.672479,-0.672479
314,0.0,-3.375758
315,0.0,-1.82956
316,0.547699,2.190796
317,0.0,-0.174613
318,0.0,3.624644
319,0.0,0.737703
320,0.0,2.290007
321,0.711361,2.845444
322,0.122667,0.533875
323,-0.131778,-0.428351
324,-0.25758,-1.119694
325,-0.456629,-1.495914
326,0.210173,1.39158
327,-0.200044,-1.745437
328,-0.046342,-1.64283
329,0.0,-1.170117
330,0.0,6.216621
331,0.0,1.938177
332,0.0,1.462783
333,-0.441467,-0.588622
334,-0.801454,-1.035468
335,-3.300849,-3.500207
336,-1.350828,-1.350828
337,1.077091,1.436122
338,1.082455,1.328984
339,3.30265,3.636309
340,-1.265535,-1.265535
341,0.164552,0.164552
342,0.236334,0.236334
343,6.043874,6.043874
344,7.356093,7.356093
345,3.561147,3.561147
346,2.824111,2.824111
347,1.005643,1.005643
348,-2.115714,-2.115714
349,2.211827,2.211827
350,1.91048,1.91048
351,-1.732799,-1.925332
352,3.977927,3.977927
353,-4.381308,-4.381308
354,4.017567,4.017567
355,0.57425,0.638056
356,0.306823,0.340698
357,2.985899,3.314443
358,-4.983128,-5.105992
359,-1.382886,-1.415141
360,4.790466,5.448669
361,-4.06332,-4.447877
362,1.293035,1.293035
363,-0.718046,-0.718046
364,-5.062685,-5.062685
365,5.419721,5.419721
366,-1.527874,-1.527874
367,1.376853,1.376853
368,-1.470756,-1.470756
369,2.462973,2.462973
370,1.848352,1.848352
371,-1.079495,-1.079495
372,-0.820155,-0.820155
373,2.28034,2.28034
374,-3.398817,-3.398817
375,4.31154,4.31154
376,1.617297,1.796997
377,0.203323,0.208451
378,-4.63912,-4.63912
379,3.740057,3.740057
380,2.586735,2.586735
381,-5.147637,-5.147637
382,4.008913,4.008913
383,-3.497306,-3.497306
384,-3.675633,-3.675633
385,3.657576,3.657576
386,-1.260026,-1.260026
387,-2.05177,-2.05177
388,-4.983166,-6.644221
389,0.389354,0.587083
390,0.751032,1.130211
391,-1.12598,-1.875676
392,0.406819,0.682864
393,-2.168365,-2.168365
394,-1.047495,-1.047495
395,6.824517,6.824517
396,0.387763,0.387763
397,1.711968,1.711968
398,0.841584,0.841584
399,-0.006276,-0.006974
400,-0.198777,-0.20924
401,3.97484,4.076973
402,1.722739,1.743746
403,0.0,0.103404
404,0.0,-3.389014
405,0.317919,1.271675
406,0.461494,1.410697
407,-1.010078,-1.010078
408,2.700883,2.700883
409,3.562403,3.562403
410,3.065369,3.065369
411,-4.617456,-4.617456
412,3.447756,3.447756
413,-0.336696,-0.448928
414,1.055076,1.564838
415,-0.32965,-0.648623
416,-0.01252,-0.032952
417,-0.719133,-2.103418
418,0.0,-3.272373
419,0.0,-1.133501
420,0.0,-1.036461
421,0.0,-2.590499
422,0.776132,3.104528
423,-0.529765,-4.14241
424,-0.201059,-0.357998
425,0.0,1.01759
426,0.0,2.11336
427,0.0,0.887616
428,0.0,-0.392012
429,0.0,-1.788909
430,0.0,-0.143444
431,-0.060994,-0.243976
432,-0.520474,-4.171429
433,0.087367,2.907574
434,0.064161,4.153528
435,-0.000268,-0.066759
436,-0.319803,-3.086444
437,-0.099536,-0.988056
438,0.012976,0.12996
439,-0.65602,-3.453389
440,0.884922,3.324853
441,-0.136166,-1.998096
442,0.000595,0.03556
443,-0.03161,-3.779975
444,-0.013084,-2.167439
445,0.0,3.499407
446,1.132913,1.51055
447,1.540109,1.890632
448,0.653945,0.719644
449,-2.377971,-2.615168
450,0.081295,0.088713
451,-1.121302,-1.631372
452,0.0,0.168035
453,0.0,0.094813
454,0.0,0.026722
455,0.0,-2.911471
456,0.0,2.38852
457,0.0,1.959057
458,-0.211308,-2.113083
459,-0.109299,-1.485628
460,0.007301,0.201237
461,-0.049073,-2.700093
462,0.054818,3.442655
463,-0.000395,-0.096077
464,-0.008048,-2.174819
465,0.050753,0.491514
466,0.0,0.140463
467,0.0,2.149088
468,0.0,-3.141091
469,0.0,-0.964532
470,0.0,1.114516
471,0.0,0.937909
472,0.0,-1.625464
473,0.0,-3.177354
474,0.0,-3.244806
475,0.0,3.503102
476,0.0,0.572402
477,0.0,0.762346
478,0.0,-3.585964
479,0.0,-2.762624
480,0.0,-1.810239
481,0.0,4.635781
482,0.0,2.558173
483,0.0,-5.421501
484,0.0,-2.154799
485,-0.437193,-1.748771
486,-0.060493,-0.980815
487,0.021096,0.690457
488,0.022227,0.963491
489,0.26597,0.994412
490,0.225131,3.342602
491,0.39686,7.61944
492,0.0,-0.778165
493,0.0,3.013629
494,0.0,-2.026857
495,0.0,-1.549041
496,0.0,0.282076
497,0.0,-3.55862
498,0.0,0.690353
499,0.0,0.629823
500,0.0,-0.817335
