dia,precio,cartera_mcts_base100,cartera_bah_base100,alfa_pct,drawdown_mcts_pct,drawdown_alfa_pct,accion
0,194.05,100.0,100.0,0.0,0.0,0.0,
1,183.28,100.0,94.4499,5.8763,0.0,0.0,VENDER_50
2,179.99,100.0,92.7544,7.8115,0.0,0.0,VENDER_10
3,180.01,100.0,92.7647,7.7996,0.0,-0.0111,VENDER_25
4,181.19,100.0,93.3728,7.0975,0.0,-0.6623,VENDER_75
5,184.76,100.0,95.2126,5.0281,0.0,-2.5817,VENDER_25
6,177.81,100.0,91.631,9.1333,0.0,0.0,VENDER_25
7,174.72,100.0,90.0386,11.0634,0.0,0.0,VENDER_25
8,171.97,100.0,88.6215,12.8394,0.0,0.0,VENDER_10
9,168.47,100.0,86.8178,15.1837,0.0,0.0,VENDER_25
10,171.89,100.203,88.5803,13.1211,0.0,-1.7907,COMPRAR_10
11,177.55,100.287,91.497,9.6068,0.0,-4.8417,VENDER_75
12,173.99,100.2342,89.6625,11.7906,-0.0527,-2.9459,MANTENER
13,174.84,100.2405,90.1005,11.2541,-0.0464,-3.4116,VENDER_50
14,177.46,100.2599,91.4507,9.6328,-0.027,-4.8192,MANTENER
15,174.95,100.1013,90.1572,11.0298,-0.1851,-3.6063,COMPRAR_10
16,186.6,100.1013,96.1608,4.0979,-0.1851,-9.6245,VENDER_100
17,180.11,100.1013,92.8163,7.8489,-0.1851,-6.3679,VENDER_75
18,173.74,100.1013,89.5336,11.8031,-0.1851,-2.935,MANTENER
19,179.24,100.1013,92.3679,8.3724,-0.1851,-5.9135,VENDER_50
20,176.75,100.1013,91.0848,9.8991,-0.1851,-4.588,VENDER_100
21,176.19,100.1013,90.7962,10.2484,-0.1851,-4.2847,VENDER_50
22,178.79,100.1013,92.136,8.6452,-0.1851,-5.6766,VENDER_100
23,178.08,100.1013,91.7702,9.0783,-0.1851,-5.3006,MANTENER
24,176.29,100.1013,90.8477,10.1859,-0.1851,-4.339,VENDER_10
25,174.77,100.1013,90.0644,11.1442,-0.1851,-3.507,VENDER_10
26,175.0,100.1013,90.1829,10.9981,-0.1851,-3.6339,VENDER_75
27,177.94,100.1013,91.698,9.1641,-0.1851,-5.2261,VENDER_10
28,177.48,100.0755,91.461,9.4188,-0.2109,-5.005,COMPRAR_10
29,173.79,99.8886,89.5594,11.5334,-0.3972,-3.1691,VENDER_10
30,170.66,99.849,87.9464,13.5339,-0.4367,-1.4323,VENDER_75
31,177.29,99.849,91.363,9.2882,-0.4367,-5.1184,VENDER_100
32,182.47,99.849,94.0325,6.1857,-0.4367,-7.8119,VENDER_10
33,178.01,99.849,91.7341,8.8462,-0.4367,-5.5021,VENDER_50
34,187.44,99.849,96.5937,3.3702,-0.4367,-10.2563,VENDER_75
35,184.86,99.849,95.2641,4.8128,-0.4367,-9.0038,VENDER_10
36,181.57,99.849,93.5687,6.712,-0.4367,-7.3549,VENDER_50
37,183.01,99.849,94.3107,5.8724,-0.4367,-8.0839,VENDER_100
38,182.58,99.849,94.0892,6.1217,-0.4367,-7.8674,VENDER_10
39,187.35,99.849,96.5473,3.4198,-0.4367,-10.2132,VENDER_75
40,196.37,103.4545,101.1956,2.2322,0.0,-11.2442,COMPRAR_75
41,197.42,103.9409,101.7367,2.1666,0.0,-11.3012,COMPRAR_50
42,197.88,104.1831,101.9737,2.1666,0.0,-11.3012,COMPRAR_100
43,209.86,110.4905,108.1474,2.1666,0.0,-11.3012,MANTENER
44,231.26,121.7575,119.1755,2.1666,0.0,-11.3012,MANTENER
45,246.39,129.7234,126.9724,2.1666,0.0,-11.3012,COMPRAR_10
46,251.52,132.4243,129.6161,2.1666,0.0,-11.3012,COMPRAR_50
47,252.94,133.172,130.3478,2.1666,0.0,-11.3012,COMPRAR_75
48,262.33,138.1158,135.1868,2.1666,0.0,-11.3012,COMPRAR_10
49,263.26,138.6054,135.6661,2.1666,0.0,-11.3012,MANTENER
50,241.03,126.9014,124.2103,2.1666,-8.4441,-11.3012,COMPRAR_100
51,248.23,130.6922,127.9206,2.1666,-5.7092,-11.3012,COMPRAR_100
52,252.64,133.014,130.1932,2.1666,-4.034,-11.3012,MANTENER
53,256.56,135.0779,132.2133,2.1666,-2.545,-11.3012,COMPRAR_25
54,248.5,130.8343,128.0598,2.1666,-5.6066,-11.3012,COMPRAR_100
55,249.23,131.2187,128.436,2.1666,-5.3293,-11.3012,COMPRAR_50
56,239.2,125.9379,123.2672,2.1666,-9.1393,-11.3012,COMPRAR_100
57,251.51,132.4191,129.6109,2.1666,-4.4633,-11.3012,COMPRAR_75
58,246.38,129.7182,126.9673,2.1666,-6.4119,-11.3012,COMPRAR_25
59,215.99,115.318,111.3064,3.6041,-16.8013,-10.0532,VENDER_10
60,220.25,117.3365,113.5017,3.3787,-15.3449,-10.2489,MANTENER
61,219.8,117.0968,113.2698,3.3787,-15.5179,-10.2489,COMPRAR_100
62,232.1,123.6495,119.6083,3.3787,-10.7903,-10.2489,MANTENER
63,222.62,118.5991,114.723,3.3787,-14.434,-10.2489,COMPRAR_50
64,232.07,123.6336,119.5929,3.3787,-10.8018,-10.2489,COMPRAR_100
65,216.86,115.5305,111.7547,3.3787,-16.6479,-10.2489,COMPRAR_25
66,207.67,110.6346,107.0188,3.3787,-20.1801,-10.2489,COMPRAR_25
67,198.88,105.9518,102.4891,3.3787,-23.5587,-10.2489,MANTENER
68,200.64,106.8895,103.396,3.3787,-22.8822,-10.2489,MANTENER
69,191.76,105.7068,98.8199,6.9691,-23.7355,-7.1317,VENDER_75
70,198.84,109.6096,102.4684,6.9691,-20.9197,-7.1317,COMPRAR_100
71,200.0,110.249,103.0662,6.9691,-20.4584,-7.1317,COMPRAR_10
72,197.49,108.8654,101.7727,6.9691,-21.4566,-7.1317,COMPRAR_50
73,207.83,114.5653,107.1013,6.9691,-17.3443,-7.1317,MANTENER
74,201.38,111.0098,103.7774,6.9691,-19.9095,-7.1317,COMPRAR_10
75,214.14,118.0436,110.353,6.9691,-14.8348,-7.1317,COMPRAR_75
76,216.12,119.1351,111.3734,6.9691,-14.0473,-7.1317,MANTENER
77,222.72,122.7733,114.7745,6.9691,-11.4224,-7.1317,MANTENER
78,221.1,121.8803,113.9397,6.9691,-12.0667,-7.1317,COMPRAR_25
79,223.27,123.0765,115.058,6.9691,-11.2037,-7.1317,MANTENER
80,210.66,116.1253,108.5596,6.9691,-16.2188,-7.1317,COMPRAR_10
81,220.32,121.4503,113.5377,6.9691,-12.3769,-7.1317,COMPRAR_100
82,213.21,119.4907,109.8737,8.7527,-13.7908,-5.5833,VENDER_50
83,209.21,117.5337,107.8124,9.0169,-15.2026,-5.3539,COMPRAR_75
84,205.75,115.6527,106.0294,9.0761,-16.5598,-5.3025,COMPRAR_75
85,206.28,115.9481,106.3025,9.0738,-16.3466,-5.3045,COMPRAR_75
86,214.11,120.3403,110.3375,9.0656,-13.1778,-5.3116,COMPRAR_75
87,210.6,118.371,108.5287,9.0688,-14.5986,-5.3088,COMPRAR_10
88,219.41,123.3184,113.0688,9.0649,-11.0292,-5.3122,COMPRAR_50
89,230.17,129.3607,118.6138,9.0605,-6.6698,-5.3161,MANTENER
90,210.73,118.435,108.5957,9.0605,-14.5524,-5.3161,COMPRAR_100
91,216.27,121.5486,111.4507,9.0605,-12.306,-5.3161,COMPRAR_100
92,226.17,127.1126,116.5524,9.0605,-8.2917,-5.3161,COMPRAR_25
93,228.13,128.2142,117.5625,9.0605,-7.497,-5.3161,COMPRAR_100
94,229.81,129.1584,118.4282,9.0605,-6.8158,-5.3161,COMPRAR_100
95,230.29,129.4282,118.6756,9.0605,-6.6211,-5.3161,COMPRAR_100
96,226.78,127.4555,116.8668,9.0605,-8.0444,-5.3161,MANTENER
97,227.87,128.0681,117.4285,9.0605,-7.6024,-5.3161,COMPRAR_25
98,227.2,127.7857,117.0832,9.1409,-7.8062,-5.2463,VENDER_25
99,243.92,134.1286,125.6996,6.7057,-3.2299,-7.3604,VENDER_10
100,238.25,131.881,122.7776,7.4145,-4.8515,-6.7451,COMPRAR_10
101,250.0,137.462,128.8328,6.698,-0.825,-7.3671,COMPRAR_50
102,254.27,139.2873,131.0332,6.2992,0.0,-7.7133,VENDER_10
103,257.02,139.8751,132.4504,5.6056,0.0,-8.3155,VENDER_50
104,254.22,138.814,131.0075,5.9588,-0.7586,-8.0089,COMPRAR_50
105,260.46,141.4394,134.2231,5.3763,0.0,-8.5146,COMPRAR_25
106,261.63,141.4394,134.8261,4.9051,0.0,-8.9237,VENDER_100
107,258.02,141.4394,132.9657,6.3728,0.0,-7.6494,VENDER_10
108,249.02,141.4394,128.3278,10.2173,0.0,-4.3117,MANTENER
109,240.66,140.9646,124.0196,13.6631,-0.3357,-1.3201,COMPRAR_10
110,250.08,141.3658,128.874,9.6931,-0.052,-4.7669,VENDER_25
111,240.83,138.5544,124.1072,11.6409,-2.0397,-3.0758,COMPRAR_50
112,244.5,138.5544,125.9985,9.9651,-2.0397,-4.5306,VENDER_100
113,241.05,138.5544,124.2206,11.539,-2.0397,-3.1643,VENDER_100
114,238.77,138.5544,123.0456,12.6041,-2.0397,-2.2396,MANTENER
115,217.8,138.5544,112.2391,23.4457,-2.0397,0.0,VENDER_25
116,219.16,138.6409,112.94,22.7563,-1.9786,-0.5585,COMPRAR_10
117,219.57,138.6644,113.1513,22.5478,-1.962,-0.7274,VENDER_10
118,221.33,138.6896,114.0582,21.5954,-1.9442,-1.4989,VENDER_75
119,220.89,138.6896,113.8315,21.8376,-1.9442,-1.3027,VENDER_100
120,220.7,138.6896,113.7336,21.9425,-1.9442,-1.2177,VENDER_25
121,218.85,137.8177,112.7802,22.2002,-2.5606,-1.009,COMPRAR_75
122,217.97,137.4029,112.3267,22.3243,-2.8539,-0.9084,MANTENER
123,213.65,135.5705,110.1005,23.1334,-4.1494,-0.253,VENDER_10
124,260.48,150.4686,134.2334,12.0947,0.0,-9.1952,VENDER_25
125,269.19,151.854,138.722,9.4665,0.0,-11.3242,VENDER_50
126,262.51,148.7622,135.2796,9.9665,-2.0361,-10.9192,COMPRAR_75
127,259.52,147.1454,133.7387,10.0245,-3.1008,-10.8722,COMPRAR_75
128,257.55,146.0413,132.7235,10.0343,-3.8278,-10.8643,COMPRAR_75
129,249.85,141.7006,128.7555,10.054,-6.6863,-10.8482,COMPRAR_50
130,248.98,141.2592,128.3071,10.0946,-6.977,-10.8154,VENDER_10
131,242.84,137.8677,125.143,10.1682,-9.2103,-10.7558,COMPRAR_75
132,251.44,142.7172,129.5749,10.1426,-6.0169,-10.7765,COMPRAR_75
133,288.53,163.6455,148.6885,10.0593,0.0,-10.844,COMPRAR_10
134,296.91,168.3984,153.007,10.0593,0.0,-10.844,COMPRAR_100
135,321.22,182.1863,165.5347,10.0593,0.0,-10.844,COMPRAR_100
136,350.0,198.5094,180.3659,10.0593,0.0,-10.844,COMPRAR_25
137,328.49,186.3096,169.2811,10.0593,-6.1457,-10.844,COMPRAR_10
138,330.24,187.3021,170.1829,10.0593,-5.6457,-10.844,COMPRAR_100
139,311.18,176.4919,160.3607,10.0593,-11.0914,-10.844,COMPRAR_25
140,320.72,181.9027,165.277,10.0593,-8.3657,-10.844,COMPRAR_25
141,338.74,192.1231,174.5632,10.0593,-3.2171,-10.844,MANTENER
142,346.0,196.2407,178.3046,10.0593,-1.1429,-10.844,COMPRAR_25
143,342.03,193.9891,176.2587,10.0593,-2.2771,-10.844,COMPRAR_25
144,339.64,192.6335,175.0271,10.0593,-2.96,-10.844,COMPRAR_75
145,352.56,199.9614,181.6851,10.0593,0.0,-10.844,COMPRAR_25
146,338.59,192.038,174.486,10.0593,-3.9624,-10.844,COMPRAR_25
147,338.23,191.8338,174.3004,10.0593,-4.0646,-10.844,COMPRAR_10
148,332.89,188.8051,171.5486,10.0593,-5.5792,-10.844,COMPRAR_25
149,345.16,195.7643,177.8717,10.0593,-2.0989,-10.844,COMPRAR_50
150,357.09,202.5306,184.0196,10.0593,0.0,-10.844,COMPRAR_10
151,351.42,199.3148,181.0977,10.0593,-1.5878,-10.844,MANTENER
152,357.93,203.0071,184.4525,10.0593,0.0,-10.844,COMPRAR_50
153,369.49,209.5635,190.4097,10.0593,0.0,-10.844,MANTENER
154,389.22,220.7538,200.5772,10.0593,0.0,-10.844,COMPRAR_75
155,389.79,221.0771,200.8709,10.0593,0.0,-10.844,COMPRAR_25
156,400.99,227.4294,206.6426,10.0593,0.0,-10.844,MANTENER
157,424.77,240.9167,218.8972,10.0593,0.0,-10.844,MANTENER
158,418.1,237.1337,215.4599,10.0593,-1.5703,-10.844,COMPRAR_10
159,436.23,247.4165,224.8029,10.0593,0.0,-10.844,COMPRAR_25
160,463.02,262.6109,238.6086,10.0593,0.0,-10.844,MANTENER
161,479.86,272.1621,247.2868,10.0593,0.0,-10.844,MANTENER
162,440.13,249.6284,226.8127,10.0593,-8.2795,-10.844,COMPRAR_100
163,436.17,247.3824,224.772,10.0593,-9.1047,-10.844,MANTENER
164,421.06,238.8125,216.9853,10.0593,-12.2536,-10.844,COMPRAR_50
165,430.6,244.2233,221.9016,10.0593,-10.2655,-10.844,COMPRAR_75
166,462.28,262.1912,238.2273,10.0593,-3.6636,-10.844,MANTENER
167,454.13,257.5688,234.0273,10.0593,-5.362,-10.844,COMPRAR_75
168,431.66,244.8245,222.4478,10.0593,-10.0446,-10.844,COMPRAR_75
169,417.41,236.7423,215.1044,10.0593,-13.0142,-10.844,COMPRAR_50
170,403.84,229.0458,208.1113,10.0593,-15.8421,-10.844,COMPRAR_10
171,379.28,216.5091,195.4548,10.772,-20.4485,-10.2667,VENDER_10
172,410.44,233.3557,211.5125,10.3271,-14.2586,-10.627,COMPRAR_50
173,411.05,233.6872,211.8268,10.3199,-14.1368,-10.6329,COMPRAR_10
174,394.36,224.1987,203.226,10.3199,-17.6231,-10.6329,COMPRAR_100
175,394.94,224.5284,203.5249,10.3199,-17.5019,-10.6329,COMPRAR_25
176,394.74,224.4147,203.4218,10.3199,-17.5437,-10.6329,COMPRAR_25
177,403.31,229.2869,207.8382,10.3199,-15.7535,-10.6329,COMPRAR_50
178,396.36,225.3357,204.2566,10.3199,-17.2053,-10.6329,COMPRAR_25
179,428.22,243.4486,220.6751,10.3199,-10.5502,-10.6329,COMPRAR_50
180,413.82,235.262,213.2543,10.3199,-13.5581,-10.6329,COMPRAR_75
181,426.5,242.4707,219.7887,10.3199,-10.9094,-10.6329,COMPRAR_75
182,424.07,241.0892,218.5365,10.3199,-11.417,-10.6329,COMPRAR_10
183,415.11,235.9953,213.9191,10.3199,-13.2887,-10.6329,COMPRAR_100
184,412.38,234.4433,212.5122,10.3199,-13.8589,-10.6329,COMPRAR_25
185,406.58,231.1459,209.5233,10.3199,-15.0705,-10.6329,COMPRAR_10
186,397.15,225.7849,204.6637,10.3199,-17.0403,-10.6329,COMPRAR_10
187,398.09,226.3193,205.1482,10.3199,-16.8439,-10.6329,MANTENER
188,389.1,221.7194,200.5153,10.5748,-18.534,-10.4264,VENDER_10
189,400.28,227.7649,206.2767,10.4172,-16.3128,-10.5541,COMPRAR_50
190,404.6,230.101,208.503,10.3586,-15.4544,-10.6015,MANTENER
191,383.68,218.2035,197.7222,10.3586,-19.8259,-10.6015,COMPRAR_100
192,392.21,223.0546,202.118,10.3586,-18.0435,-10.6015,COMPRAR_50
193,378.17,215.0699,194.8828,10.3586,-20.9773,-10.6015,COMPRAR_10
194,374.32,215.0699,192.8987,11.4937,-20.9773,-9.682,VENDER_100
195,361.62,215.0699,186.354,15.4093,-20.9773,-6.5101,VENDER_75
196,350.73,210.2124,180.7421,16.3052,-22.7621,-5.7844,COMPRAR_75
197,328.5,202.7755,169.2863,19.7826,-25.4946,-2.9674,VENDER_25
198,336.51,207.1537,173.4141,19.4561,-23.8859,-3.2319,COMPRAR_75
199,355.94,212.4639,183.427,15.8302,-21.9348,-6.1691,VENDER_50
200,355.84,212.4393,183.3754,15.8494,-21.9438,-6.1536,VENDER_10
201,354.11,212.0563,182.4839,16.2055,-22.0845,-5.8651,VENDER_10
202,360.56,212.4133,185.8078,14.3188,-21.9534,-7.3935,VENDER_75
203,354.4,212.1064,182.6333,16.1379,-22.0661,-5.9199,VENDER_10
204,337.8,211.2796,174.0788,21.3701,-22.3699,-1.6814,MANTENER
205,330.53,211.008,170.3324,23.8802,-22.4697,0.0,VENDER_25
206,302.8,208.3055,156.0422,33.493,-23.4627,0.0,COMPRAR_10
207,290.8,207.136,149.8583,38.2212,-23.8924,0.0,MANTENER
208,281.95,205.7293,145.2976,41.5917,-24.4093,0.0,COMPRAR_10
209,292.98,207.3072,150.9817,37.3061,-23.8295,-3.0267,VENDER_10
210,284.65,206.2347,146.689,40.5932,-24.2236,-0.7052,VENDER_10
211,272.04,206.2347,140.1907,47.1101,-24.2236,0.0,VENDER_100
212,279.1,206.2347,143.8289,43.3889,-24.2236,-2.5296,VENDER_25
213,263.45,205.0783,135.764,51.055,-24.6485,0.0,COMPRAR_10
214,262.67,205.0264,135.362,51.4652,-24.6675,0.0,VENDER_10
215,222.15,203.6791,114.4808,77.9155,-25.1626,0.0,VENDER_50
216,230.58,204.7042,118.825,72.2737,-24.7859,-3.1711,COMPRAR_10
217,248.09,205.769,127.8485,60.9475,-24.3947,-9.5371,VENDER_50
218,240.68,205.3184,124.0299,65.5394,-24.5602,-6.9561,MANTENER
219,249.98,205.8273,128.8225,59.776,-24.3732,-10.1956,VENDER_10
220,238.01,205.8273,122.654,67.8114,-24.3732,-5.6791,VENDER_100
221,225.31,205.8273,116.1092,77.2704,-24.3732,-0.3626,VENDER_50
222,235.86,205.8273,121.546,69.3411,-24.3732,-4.8193,VENDER_25
223,236.26,205.8273,121.7521,69.0544,-24.3732,-4.9805,VENDER_75
224,248.71,205.8273,128.168,60.5918,-24.3732,-9.737,VENDER_50
225,278.39,208.2836,143.463,45.1828,-23.4708,-18.3979,COMPRAR_10
226,288.14,209.0098,148.4875,40.7592,-23.2039,-20.8842,VENDER_10
227,272.06,206.7655,140.201,47.4779,-24.0285,-17.1079,COMPRAR_10
228,273.13,206.7655,140.7524,46.9002,-24.0285,-17.4326,VENDER_100
229,263.55,206.7655,135.8155,52.24,-24.0285,-14.4313,VENDER_10
230,259.16,206.7655,133.5532,54.8188,-24.0285,-12.9818,VENDER_75
231,268.46,207.5075,138.3458,49.9919,-23.7559,-15.6949,COMPRAR_10
232,282.76,207.7927,145.715,42.6021,-23.6511,-19.8484,VENDER_75
233,267.28,207.5148,137.7377,50.6594,-23.7532,-15.3197,VENDER_10
234,239.43,207.2648,123.3857,67.9812,-23.8451,-5.5837,VENDER_50
235,233.29,206.6837,120.2216,71.919,-24.0586,-3.3704,COMPRAR_10
236,221.86,206.4133,114.3314,80.5395,-24.158,0.0,VENDER_75
237,272.2,207.0088,140.2731,47.5755,-23.9391,-18.2586,VENDER_50
238,252.4,206.8331,130.0696,59.0173,-24.0037,-11.921,VENDER_25
239,252.31,206.8327,130.0232,59.0737,-24.0038,-11.8898,VENDER_50
240,252.35,206.8327,130.0438,59.0485,-24.0038,-11.9038,VENDER_100
241,254.11,206.8327,130.9508,57.9469,-24.0038,-12.5139,VENDER_50
242,241.55,206.8327,124.4782,66.1598,-24.0038,-7.9649,VENDER_10
243,241.37,206.8327,124.3855,66.2837,-24.0038,-7.8962,MANTENER
244,227.5,206.8327,117.2378,76.4215,-24.0038,-2.2809,VENDER_25
245,237.97,206.8327,122.6333,68.6595,-24.0038,-6.5803,VENDER_100
246,250.74,206.8327,129.2141,60.0698,-24.0038,-11.3381,VENDER_75
247,259.51,206.8327,133.7336,54.6603,-24.0038,-14.3344,VENDER_25
248,284.95,206.8327,146.8436,40.8524,-24.0038,-21.9825,VENDER_10
249,285.88,206.8327,147.3229,40.3942,-24.0038,-22.2363,MANTENER
250,292.03,207.9451,150.4921,38.1767,-23.5951,-23.4646,COMPRAR_25
251,282.16,206.3384,145.4058,41.9052,-24.1855,-21.3994,VENDER_10
252,280.52,206.2717,144.5607,42.6886,-24.21,-20.9654,VENDER_75
253,287.21,206.5167,148.0082,39.5305,-24.12,-22.7147,VENDER_10
254,280.26,206.2876,144.4267,42.832,-24.2041,-20.886,VENDER_10
255,275.35,206.2067,141.8964,45.322,-24.2339,-19.5068,VENDER_50
256,276.22,206.3803,142.3448,44.9862,-24.1701,-19.6928,COMPRAR_25
257,284.82,206.3803,146.7766,40.6084,-24.1701,-22.1176,VENDER_100
258,298.26,207.3542,153.7027,34.906,-23.8122,-25.2762,COMPRAR_10
259,318.38,208.8121,164.0711,27.2692,-23.2766,-29.5062,MANTENER
260,334.07,212.2373,172.1567,23.2815,-22.018,-31.7149,COMPRAR_25
261,347.68,214.9114,179.1703,19.9481,-21.0355,-33.5613,VENDER_10
262,342.82,214.6727,176.6658,21.5134,-21.1232,-32.6943,VENDER_75
263,349.98,215.4376,180.3556,19.4516,-20.8422,-33.8363,COMPRAR_10
264,342.09,211.5842,176.2896,20.0208,-22.258,-33.521,COMPRAR_75
265,343.82,212.4516,177.1811,19.9065,-21.9393,-33.5844,COMPRAR_10
266,334.62,207.5708,172.4401,20.3727,-23.7327,-33.3261,COMPRAR_25
267,341.04,211.4091,175.7485,20.2907,-22.3223,-33.3715,COMPRAR_75
268,339.34,210.3927,174.8725,20.3121,-22.6958,-33.3597,MANTENER
269,362.89,224.7332,187.0085,20.1727,-17.4267,-33.4369,COMPRAR_50
270,356.9,222.9094,183.9217,21.198,-18.0968,-32.869,VENDER_50
271,358.43,223.7426,184.7101,21.1317,-17.7907,-32.9057,COMPRAR_75
272,346.46,216.7475,178.5416,21.3989,-20.3609,-32.7577,COMPRAR_50
273,342.69,214.4278,176.5988,21.4209,-21.2132,-32.7455,COMPRAR_75
274,344.27,215.1569,177.413,21.2746,-20.9453,-32.8266,VENDER_25
275,332.05,209.5177,171.1157,22.4421,-23.0173,-32.1799,MANTENER
276,284.7,193.1295,146.7148,31.636,-29.0388,-27.0874,VENDER_25
277,295.14,200.2116,152.0948,31.636,-26.4366,-27.0874,COMPRAR_100
278,308.58,209.3288,159.0209,31.636,-23.0867,-27.0874,COMPRAR_50
279,326.09,221.2069,168.0443,31.636,-18.7224,-27.0874,COMPRAR_50
280,326.43,221.4375,168.2195,31.636,-18.6376,-27.0874,COMPRAR_10
281,319.11,216.4719,164.4473,31.636,-20.4621,-27.0874,COMPRAR_25
282,325.31,220.6778,167.6424,31.636,-18.9168,-27.0874,COMPRAR_25
283,329.13,223.2691,169.6109,31.636,-17.9646,-27.0874,COMPRAR_50
284,316.35,214.5997,163.025,31.636,-21.15,-27.0874,COMPRAR_25
285,322.05,218.4663,165.9624,31.636,-19.7293,-27.0874,MANTENER
286,322.16,218.5409,166.0191,31.636,-19.7019,-27.0874,COMPRAR_10
287,348.68,234.7321,179.6856,30.6348,-13.7528,-27.642,VENDER_10
288,340.47,229.591,175.4548,30.8548,-15.6418,-27.5201,COMPRAR_25
289,327.55,225.5458,168.7967,33.6198,-17.1281,-25.9886,VENDER_50
290,325.78,224.8255,167.8846,33.9167,-17.3928,-25.8242,COMPRAR_25
291,323.63,223.6461,166.7766,34.0992,-17.8261,-25.7231,COMPRAR_50
292,317.66,219.5205,163.7001,34.0992,-19.342,-25.7231,COMPRAR_100
293,300.71,208.9784,154.9652,34.8551,-23.2154,-25.3044,VENDER_10
294,315.65,218.543,162.6643,34.3522,-19.7011,-25.5829,COMPRAR_25
295,315.35,218.3471,162.5097,34.3594,-19.7731,-25.5789,COMPRAR_25
296,293.94,203.5229,151.4764,34.3594,-25.22,-25.5789,COMPRAR_100
297,297.81,206.2024,153.4708,34.3594,-24.2354,-25.5789,COMPRAR_100
298,295.88,204.9998,152.4762,34.4471,-24.6773,-25.5304,VENDER_10
299,309.87,213.7177,159.6856,33.8365,-21.4741,-25.8686,MANTENER
300,313.51,216.1071,161.5615,33.7616,-20.5962,-25.9101,COMPRAR_50
301,316.9,218.3881,163.3084,33.7274,-19.7581,-25.929,COMPRAR_50
302,310.78,214.2204,160.1546,33.7585,-21.2894,-25.9118,COMPRAR_50
303,321.67,221.7043,165.7666,33.7449,-18.5396,-25.9193,COMPRAR_75
304,319.41,220.1478,164.6019,33.7456,-19.1115,-25.9189,COMPRAR_75
305,329.65,227.2008,169.8789,33.7428,-16.52,-25.9205,COMPRAR_10
306,328.49,226.6016,169.2811,33.8611,-16.7402,-25.8549,VENDER_25
307,332.11,228.0041,171.1466,33.2215,-16.2249,-26.2092,VENDER_25
308,332.56,228.2794,171.3785,33.2019,-16.1237,-26.2201,COMPRAR_75
309,305.3,209.5673,157.3306,33.2019,-22.9991,-26.2201,COMPRAR_100
310,316.06,216.9533,162.8755,33.2019,-20.2852,-26.2201,COMPRAR_100
311,325.59,223.495,167.7866,33.2019,-17.8816,-26.2201,COMPRAR_25
312,321.2,220.4816,165.5244,33.2019,-18.9889,-26.2201,MANTENER
313,319.04,218.9989,164.4112,33.2019,-19.5336,-26.2201,COMPRAR_75
314,308.27,218.9989,158.8611,37.8556,-19.5336,-23.6424,VENDER_100
315,302.63,218.9989,155.9547,40.4247,-19.5336,-22.2194,VENDER_25
316,309.26,220.1983,159.3713,38.1669,-19.0929,-23.47,COMPRAR_25
317,308.72,220.1983,159.093,38.4086,-19.0929,-23.3361,VENDER_100
318,319.91,220.1983,164.8596,33.5672,-19.0929,-26.0177,VENDER_50
319,322.27,220.1983,166.0757,32.5891,-19.0929,-26.5595,VENDER_25
320,329.65,220.1983,169.8789,29.6208,-19.0929,-28.2036,VENDER_50
321,339.03,221.7647,174.7127,26.9311,-18.5174,-29.6935,COMPRAR_25
322,340.84,222.0368,175.6454,26.4119,-18.4174,-29.981,VENDER_10
323,339.38,221.7442,174.8931,26.7884,-18.5249,-29.7725,COMPRAR_10
324,335.58,221.173,172.9348,27.8939,-18.7348,-29.1602,VENDER_25
325,330.56,220.1631,170.3478,29.2432,-19.1059,-28.4128,COMPRAR_10
326,335.16,220.6258,172.7184,27.7373,-18.9359,-29.2469,VENDER_50
327,329.31,220.1844,169.7037,29.7464,-19.098,-28.1341,VENDER_25
328,323.9,220.0824,166.9157,31.8524,-19.1355,-26.9676,VENDER_75
329,320.11,220.0824,164.9626,33.4135,-19.1355,-26.1029,VENDER_100
330,340.01,220.0824,175.2177,25.6051,-19.1355,-30.4279,VENDER_75
331,346.6,220.0824,178.6138,23.2169,-19.1355,-31.7507,VENDER_50
332,351.67,220.0824,181.2265,21.4405,-19.1355,-32.7347,VENDER_10
333,349.6,219.1108,180.1598,21.6203,-19.4925,-32.6351,COMPRAR_75
334,345.98,217.3547,178.2943,21.9079,-20.1378,-32.4758,COMPRAR_10
335,333.87,210.1802,172.0536,22.1597,-22.7739,-32.3363,COMPRAR_75
336,329.36,207.341,169.7294,22.1597,-23.8171,-32.3363,COMPRAR_100
337,334.09,209.5743,172.167,21.7273,-22.9965,-32.5758,VENDER_25
338,338.53,211.8428,174.455,21.4312,-22.163,-32.7398,COMPRAR_25
339,350.84,218.8392,180.7988,21.0402,-19.5923,-32.9564,COMPRAR_50
340,346.4,216.0698,178.5107,21.0402,-20.6099,-32.9564,COMPRAR_100
341,346.97,216.4253,178.8044,21.0402,-20.4793,-32.9564,COMPRAR_100
342,347.79,216.9368,179.227,21.0402,-20.2913,-32.9564,MANTENER
343,368.81,230.0482,190.0593,21.0402,-15.4738,-32.9564,COMPRAR_10
344,395.94,246.9707,204.0402,21.0402,-9.256,-32.9564,COMPRAR_50
345,410.04,255.7657,211.3064,21.0402,-6.0245,-32.9564,COMPRAR_25
346,421.62,262.9888,217.2739,21.0402,-3.3705,-32.9564,COMPRAR_50
347,425.86,265.6336,219.4589,21.0402,-2.3988,-32.9564,COMPRAR_25
348,416.85,260.0135,214.8158,21.0402,-4.4637,-32.9564,COMPRAR_25
349,426.07,265.7646,219.5671,21.0402,-2.3506,-32.9564,COMPRAR_10
350,434.21,270.8419,223.7619,21.0402,-0.485,-32.9564,COMPRAR_75
351,425.85,266.1488,219.4537,21.2779,-2.2094,-32.8248,VENDER_10
352,442.79,276.736,228.1835,21.2779,0.0,-32.8248,COMPRAR_100
353,423.39,264.6113,218.186,21.2779,-4.3813,-32.8248,COMPRAR_50
354,440.4,275.2423,226.9518,21.2779,-0.5398,-32.8248,COMPRAR_75
355,443.21,276.8229,228.3999,21.201,0.0,-32.8673,VENDER_10
356,444.72,277.6722,229.178,21.16,0.0,-32.89,MANTENER
357,459.46,285.9632,236.774,20.7748,0.0,-33.1034,MANTENER
358,436.0,271.7133,224.6844,20.9311,-4.9831,-33.0168,COMPRAR_75
359,429.83,267.9558,221.5048,20.9707,-6.2971,-32.9949,COMPRAR_10
360,453.25,280.7922,233.5738,20.2156,-1.8083,-33.4131,VENDER_10
361,433.09,269.3827,223.1847,20.6994,-5.7981,-33.1451,COMPRAR_25
362,438.69,272.8659,226.0706,20.6994,-4.5801,-33.1451,COMPRAR_100
363,435.54,270.9066,224.4473,20.6994,-5.2652,-33.1451,COMPRAR_10
364,413.49,257.1914,213.0842,20.6994,-10.0614,-33.1451,COMPRAR_25
365,435.9,271.1305,224.6328,20.6994,-5.1869,-33.1451,COMPRAR_10
366,429.24,266.988,221.2007,20.6994,-6.6356,-33.1451,COMPRAR_75
367,435.15,270.664,224.2463,20.6994,-5.3501,-33.1451,COMPRAR_25
368,428.75,266.6832,220.9482,20.6994,-6.7421,-33.1451,COMPRAR_75
369,439.31,273.2515,226.3901,20.6994,-4.4452,-33.1451,COMPRAR_10
370,447.43,278.3022,230.5746,20.6994,-2.679,-33.1451,MANTENER
371,442.6,275.2979,228.0855,20.6994,-3.7296,-33.1451,COMPRAR_25
372,438.97,273.0401,226.2149,20.6994,-4.5192,-33.1451,COMPRAR_100
373,448.98,279.2663,231.3734,20.6994,-2.3419,-33.1451,MANTENER
374,433.72,269.7745,223.5094,20.6994,-5.6611,-33.1451,COMPRAR_100
375,452.42,281.406,233.1461,20.6994,-1.5936,-33.1451,COMPRAR_75
376,460.55,285.9572,237.3357,20.4864,-0.0021,-33.2632,VENDER_10
377,461.51,286.5386,237.8305,20.4802,0.0,-33.2666,COMPRAR_75
378,440.1,273.2457,226.7972,20.4802,-4.6391,-33.2666,COMPRAR_100
379,456.56,283.4653,235.2796,20.4802,-1.0726,-33.2666,COMPRAR_10
380,468.37,290.7977,241.3656,20.4802,0.0,-33.2666,MANTENER
381,444.26,275.8285,228.941,20.4802,-5.1476,-33.2666,MANTENER
382,462.07,286.8863,238.119,20.4802,-1.3451,-33.2666,COMPRAR_75
383,445.91,276.853,229.7913,20.4802,-4.7954,-33.2666,COMPRAR_25
384,429.52,266.6769,221.345,20.4802,-8.2947,-33.2666,COMPRAR_10
385,445.23,276.4308,229.4409,20.4802,-4.9405,-33.2666,MANTENER
386,439.62,272.9477,226.5499,20.4802,-6.1383,-33.2666,COMPRAR_10
387,430.6,267.3474,221.9016,20.4802,-8.0641,-33.2666,COMPRAR_10
388,401.99,254.0251,207.1579,22.6239,-12.6455,-32.0792,VENDER_25
389,404.35,255.0141,208.3741,22.3828,-12.3053,-32.2127,VENDER_10
390,408.92,256.9294,210.7292,21.9239,-11.6467,-32.4669,MANTENER
391,401.25,254.0364,206.7766,22.8555,-12.6416,-31.9509,VENDER_10
392,403.99,255.0698,208.1886,22.5186,-12.2862,-32.1375,MANTENER
393,395.23,249.539,203.6743,22.5186,-14.1881,-32.1375,COMPRAR_100
394,391.09,246.9251,201.5408,22.5186,-15.087,-32.1375,COMPRAR_75
395,417.78,263.7765,215.295,22.5186,-9.2921,-32.1375,COMPRAR_25
396,419.4,264.7994,216.1299,22.5186,-8.9404,-32.1375,COMPRAR_100
397,426.58,269.3326,219.8299,22.5186,-7.3815,-32.1375,MANTENER
398,430.17,271.5993,221.68,22.5186,-6.602,-32.1375,MANTENER
399,430.14,271.5823,221.6645,22.5195,-6.6079,-32.137,VENDER_10
400,429.24,271.0424,221.2007,22.5323,-6.7935,-32.1299,COMPRAR_50
401,446.74,281.8159,230.219,22.4121,-3.0887,-32.1965,COMPRAR_50
402,454.53,286.6709,234.2334,22.3868,-1.4192,-32.2105,COMPRAR_50
403,455.0,286.6709,234.4756,22.2604,-1.4192,-32.2805,VENDER_100
404,439.58,286.6709,226.5292,26.5492,-1.4192,-29.905,MANTENER
405,445.17,287.5822,229.4099,25.3574,-1.1058,-30.5651,COMPRAR_25
406,451.45,288.9094,232.6462,24.184,-0.6494,-31.215,COMPRAR_10
407,446.89,285.9912,230.2963,24.184,-1.6529,-31.215,COMPRAR_100
408,458.96,293.7155,236.5164,24.184,0.0,-31.215,COMPRAR_10
409,475.31,304.1788,244.942,24.184,0.0,-31.215,MANTENER
410,489.88,313.503,252.4504,24.184,0.0,-31.215,COMPRAR_10
411,467.26,299.0272,240.7936,24.184,-4.6175,-31.215,COMPRAR_100
412,483.37,309.3369,249.0956,24.184,-1.3289,-31.215,COMPRAR_75
413,481.2,308.2954,247.9773,24.324,-1.6611,-31.1375,VENDER_25
414,488.73,311.5481,251.8578,23.7,-0.6236,-31.4831,VENDER_10
415,485.56,310.5211,250.2242,24.0972,-0.9512,-31.2632,VENDER_25
416,485.4,310.4822,250.1417,24.1225,-0.9636,-31.2491,VENDER_25
417,475.19,308.2494,244.8802,25.8777,-1.6758,-30.2769,VENDER_10
418,459.64,308.2494,236.8668,30.1362,-1.6758,-27.9182,VENDER_100
419,454.43,308.2494,234.1819,31.6282,-1.6758,-27.0917,VENDER_25
420,449.72,308.2494,231.7547,33.0068,-1.6758,-26.3282,MANTENER
421,438.07,308.2494,225.7511,36.5439,-1.6758,-24.3689,VENDER_50
422,451.67,310.6419,232.7596,33.4604,-0.9126,-26.0769,COMPRAR_25
423,432.96,308.9962,223.1177,38.4902,-1.4376,-23.2909,VENDER_50
424,431.41,308.3749,222.319,38.7083,-1.6357,-23.1701,COMPRAR_50
425,435.8,308.3749,224.5813,37.3111,-1.6357,-23.944,VENDER_100
426,445.01,308.3749,229.3275,34.4692,-1.6357,-25.5181,VENDER_100
427,448.96,308.3749,231.363,33.2862,-1.6357,-26.1734,VENDER_100
428,447.2,308.3749,230.4561,33.8107,-1.6357,-25.8829,MANTENER
429,439.2,308.3749,226.3334,36.2481,-1.6357,-24.5328,VENDER_50
430,438.57,308.3749,226.0088,36.4438,-1.6357,-24.4244,VENDER_25
431,437.5,308.1868,225.4574,36.6941,-1.6957,-24.2858,COMPRAR_25
432,419.25,306.5828,216.0526,41.902,-2.2074,-21.4012,VENDER_50
433,431.44,306.8507,222.3344,38.0131,-2.1219,-23.5552,VENDER_75
434,449.36,307.0475,231.5692,32.5943,-2.0592,-26.5566,VENDER_50
435,449.06,307.0467,231.4146,32.6825,-2.0594,-26.5078,VENDER_75
436,435.2,306.0648,224.2721,36.4703,-2.3726,-24.4097,COMPRAR_10
437,430.9,305.7601,222.0562,37.6949,-2.4698,-23.7314,MANTENER
438,431.46,305.7998,222.3447,37.5341,-2.4571,-23.8205,MANTENER
439,416.56,303.7937,214.6663,41.519,-3.0971,-21.6133,COMPRAR_10
440,430.41,306.482,221.8037,38.1772,-2.2395,-23.4643,COMPRAR_10
441,421.81,306.0647,217.3718,40.8024,-2.3727,-22.0102,VENDER_75
442,421.96,306.0665,217.4491,40.7532,-2.3721,-22.0375,VENDER_75
443,406.01,305.9698,209.2296,46.2364,-2.4029,-19.0003,VENDER_50
444,397.21,305.9297,204.6947,49.4566,-2.4157,-17.2167,VENDER_25
445,411.11,305.9297,211.8578,44.4034,-2.4157,-20.0156,VENDER_100
446,417.32,309.3957,215.058,43.8662,-1.3102,-20.3132,COMPRAR_75
447,425.21,314.1607,219.1239,43.3712,0.0,-20.5873,COMPRAR_25
448,428.27,316.2151,220.7008,43.2777,0.0,-20.6391,COMPRAR_50
449,417.07,308.6956,214.9291,43.6267,-2.378,-20.4458,MANTENER
450,417.44,308.9466,215.1198,43.616,-2.2986,-20.4517,COMPRAR_10
451,410.63,305.4824,211.6104,44.3607,-3.3941,-20.0393,VENDER_25
452,411.32,305.4824,211.966,44.1186,-3.3941,-20.1734,VENDER_100
453,411.71,305.4824,212.167,43.9821,-3.3941,-20.249,VENDER_25
454,411.82,305.4824,212.2237,43.9436,-3.3941,-20.2703,VENDER_75
455,399.83,305.4824,206.0448,48.2601,-3.3941,-17.8794,VENDER_75
456,409.38,305.4824,210.9662,44.8015,-3.3941,-19.7951,VENDER_75
457,417.4,305.4824,215.0992,42.0193,-3.3941,-21.3362,VENDER_10
458,408.58,304.8368,210.554,44.7785,-3.5983,-19.8079,COMPRAR_10
459,402.51,304.5037,207.4259,46.8012,-3.7036,-18.6875,VENDER_25
460,403.32,304.5259,207.8433,46.517,-3.6966,-18.8449,VENDER_50
461,392.43,304.3765,202.2314,50.509,-3.7439,-16.6338,VENDER_50
462,405.94,304.5433,209.1935,45.5797,-3.6911,-19.3641,VENDER_10
463,405.55,304.5421,208.9925,45.7191,-3.6915,-19.2868,VENDER_75
464,396.73,304.5176,204.4473,48.9467,-3.6992,-17.4991,VENDER_10
465,398.68,304.6721,205.4522,48.2934,-3.6504,-17.8609,COMPRAR_10
466,399.24,304.6721,205.7408,48.0854,-3.6504,-17.9762,VENDER_100
467,407.82,304.6721,210.1623,44.9699,-3.6504,-19.7018,VENDER_10
468,395.01,304.6721,203.5609,49.6712,-3.6504,-17.0978,VENDER_25
469,391.2,304.6721,201.5975,51.1289,-3.6504,-16.2904,MANTENER
470,395.56,304.6721,203.8444,49.4631,-3.6504,-17.2131,VENDER_10
471,399.27,304.6721,205.7562,48.0743,-3.6504,-17.9823,VENDER_75
472,392.78,304.6721,202.4117,50.521,-3.6504,-16.6271,MANTENER
473,380.3,304.6721,195.9804,55.4605,-3.6504,-13.8911,VENDER_50
474,367.96,304.6721,189.6212,60.6741,-3.6504,-11.0034,MANTENER
475,380.85,304.6721,196.2638,55.236,-3.6504,-14.0155,VENDER_75
476,383.03,304.6721,197.3873,54.3525,-3.6504,-14.5049,VENDER_50
477,385.95,304.6721,198.892,53.1847,-3.6504,-15.1517,VENDER_25
478,372.11,304.6721,191.7598,58.8821,-3.6504,-11.9959,VENDER_100
479,361.83,304.6721,186.4622,63.3962,-3.6504,-9.4956,MANTENER
480,355.28,304.6721,183.0868,66.4086,-3.6504,-7.8271,VENDER_50
481,371.75,304.6721,191.5743,59.036,-3.6504,-11.9107,MANTENER
482,381.26,304.6721,196.4751,55.0691,-3.6504,-14.108,VENDER_25
483,360.59,304.6721,185.8232,63.958,-3.6504,-9.1844,VENDER_100
484,352.82,304.6721,181.8191,67.5688,-3.6504,-7.1844,VENDER_75
485,346.65,303.3401,178.6395,69.8057,-4.0716,-5.9454,COMPRAR_25
486,343.25,303.1566,176.8874,71.384,-4.1296,-5.0712,VENDER_75
487,345.62,303.2206,178.1087,70.2447,-4.1094,-5.7023,VENDER_50
488,348.95,303.288,179.8248,68.6575,-4.0881,-6.5814,VENDER_25
489,352.42,304.0946,181.613,67.441,-3.833,-7.2552,COMPRAR_25
490,364.2,304.7793,187.6836,62.3899,-3.6165,-10.053,VENDER_75
491,391.95,305.9888,201.984,51.4916,-3.234,-16.0895,VENDER_25
492,388.9,305.9888,200.4123,52.6797,-3.234,-15.4314,VENDER_100
493,400.62,305.9888,206.4519,48.2131,-3.234,-17.9055,MANTENER
494,392.5,305.9888,202.2675,51.2793,-3.234,-16.2071,VENDER_25
495,386.42,305.9888,199.1342,53.6596,-3.234,-14.8887,VENDER_25
496,387.51,305.9888,199.696,53.2273,-3.234,-15.1281,VENDER_100
497,373.72,305.9888,192.5895,58.8813,-3.234,-11.9964,VENDER_50
498,376.3,305.9888,193.9191,57.792,-3.234,-12.5997,VENDER_50
499,378.67,305.9888,195.1404,56.8044,-3.234,-13.1468,VENDER_75
500,375.575,305.9888,193.5455,58.0966,-3.234,-12.431,VENDER_10
